Product ID,Product Name,Product Description,Quantity type,SKU,Quantity,Product Cost (in rupees),Sell Price (in rupees),Date
1,Laptop,A portable computer,None,LPT001,10,8000,10000,01/01/21
2,Smartphone,A handheld device,None,SPH001,15,6000,8000,01/02/21
3,Headphones,Audio output devices,Dozen,HDP001,20,1000,1500,01/03/21
4,T-Shirt,A casual clothing item,None,TSH001,30,600,800,01/04/21
5,Jeans,A type of pants,None,JNS001,25,1000,1200,01/05/21
6,Apples,Fruit,None,APL001,40,200,300,01/06/21
7,Oranges,Fruit,None,ORG001,35,150,250,01/07/21
8,TV,Television set,None,TV001,12,12000,15000,01/08/21
9,Shoes,Footwear,None,SHS001,18,1000,1500,01/09/21
10,Backpack,A bag carried on the back,None,BKP001,22,600,800,01/10/21
11,Keyboard,A typing device,None,KBD001,8,1000,1200,01/11/21
12,Mouse,A pointing device,None,MS001,12,300,500,01/12/21
13,Printer,A printing device,None,PRT001,5,1500,2000,01/13/21
14,Desk Lamp,A lighting fixture,None,DLP001,15,600,800,01/14/21
15,Coffee Maker,A machine to brew coffee,None,CFM001,10,4000,5000,01/15/21
16,Toaster,A kitchen appliance,None,TST001,20,800,1000,01/16/21
17,Blender,A kitchen appliance,None,BLD001,18,1000,1200,01/17/21
18,Jacket,A clothing item for upper body,None,JKT001,20,700,900,01/18/21
19,Dress,A clothing item for women,None,DRS001,15,1200,1500,01/19/21
20,Watch,A timekeeping device,None,WCH001,10,2000,2500,01/20/21
21,Sunglasses,Eyewear,None,SG001,12,1000,1200,01/21/21
22,Baseball Cap,A type of cap,None,BC001,25,400,600,01/22/21
23,Chocolate,A sweet food item,None,CHC001,30,50,100,01/23/21
24,Cereal,A breakfast food,None,CRL001,20,80,120,01/24/21
25,Soft Drinks,Beverages,None,SD001,35,50,80,01/25/21
26,Office Chair,A seating furniture,None,OC001,8,3000,3500,01/26/21
27,Sofa,A seating furniture,None,SFA001,5,10000,12000,01/27/21
28,Dining Table,A furniture for dining,None,DT001,12,6000,8000,01/28/21
29,Bed,A furniture for sleeping,None,BD001,3,24000,28000,01/29/21
30,Rug,A floor covering,None,RG001,10,2000,2500,01/30/21
31,Wall Clock,A timekeeping device,None,WC001,15,800,1000,01/31/21
32,Vase,A decorative item,None,VS001,8,600,800,02/01/21
33,Curtains,A window covering,None,CRT001,20,500,700,02/02/21
34,Bathroom Scale,A device for measuring weight,None,BS001,5,1000,1200,02/03/21
35,Trash Can,A waste container,None,TC001,8,300,500,02/04/21
36,Desk Organizer,An item for organizing desk,None,DO001,12,200,300,02/05/21
37,Notebook,A stationery item,None,NB001,15,50,100,02/06/21
38,Pen Set,A set of pens,None,PS001,20,100,150,02/07/21
39,Stapler,A tool for binding papers,None,STP001,10,80,120,02/08/21
40,Whiteboard,A writing surface,None,WB001,5,1500,1800,02/09/21
41,Smart Watch,A wearable device,None,SW001,18,2000,2500,02/10/21
42,Tablet,A handheld computing device,None,TBLT001,10,3000,3500,02/11/21
43,Charging Cable,A cable for charging devices,None,CC001,25,200,300,02/12/21
44,External Hard Drive,A storage device,None,EHD001,12,1000,1500,02/13/21
45,Memory Card,A data storage device,None,MC001,20,300,500,02/14/21
46,Bluetooth Speaker,A wireless audio device,None,BS001,15,1000,1500,02/15/21
47,Travel Adapter,A device for adapting plugs,None,TA001,8,200,300,02/16/21
48,Travel Pillow,A pillow for traveling,None,TP001,10,300,400,02/17/21
49,Travel Backpack,A backpack for traveling,None,TBP001,5,1000,1500,02/18/21
50,Suitcase,A luggage for traveling,None,STC001,12,2000,2500,02/19/21
51,Tennis Shoes,Footwear,None,TNS001,18,1200,1500,02/20/21
52,Running Shoes,Footwear,None,RNS001,20,1600,2000,02/21/21
53,Sandals,Footwear,None,SDL001,15,800,1000,02/22/21
54,Boots,Footwear,None,BTS001,10,2000,2500,02/23/21
55,Sneakers,Footwear,None,SNK001,22,1500,1800,02/24/21
56,Hiking Backpack,A backpack for hiking,None,HBP001,10,800,1000,02/25/21
57,Travel Backpack,A backpack for traveling,None,TBP002,15,1200,1500,02/26/21
58,School Backpack,A backpack for school,None,SBP001,8,500,700,02/27/21
59,Daypack,A small backpack,None,DP001,12,600,800,02/28/21
60,Hiking Boots,Footwear,None,HKB001,10,2400,2800,03/01/21
61,Camping Tent,A portable shelter,None,CT001,5,10000,12000,03/02/21
62,Sleeping Bag,A portable insulated bag,None,SB001,8,4000,5000,03/03/21
63,Portable Stove,A stove for outdoor cooking,None,PS001,10,2000,2500,03/04/21
64,Water Bottle,A container for carrying water,None,WB001,15,300,500,03/05/21
65,Backpack,A bag for carrying belongings,None,BP001,20,1000,1500,03/06/21
66,Travel Pillow,A pillow for traveling,None,TP002,8,200,300,03/07/21
67,Neck Pillow,A pillow for neck support,None,NP001,12,300,400,03/08/21
68,Travel Blanket,A blanket for traveling,None,TB001,10,400,600,03/09/21
69,Passport Holder,A holder for passport,None,PH001,15,100,200,03/10/21
70,Luggage Scale,A device for weighing luggage,None,LS001,5,500,700,03/11/21
71,Backpack,A backpack for hiking,None,BP002,10,800,1000,03/12/21
72,Trekking Poles,A pair of poles for trekking,None,TP001,8,600,800,03/13/21
73,Portable Charger,A charger for mobile devices,None,PC001,15,500,700,03/14/21
74,Travel Adapter,A device for adapting plugs,None,TA002,20,300,500,03/15/21
75,Power Bank,A portable charger,None,PB001,12,700,900,03/16/21
76,USB Flash Drive,A portable data storage device,None,UFD001,20,400,600,03/17/21
77,Wireless Mouse,A mouse without cables,None,WM001,15,600,800,03/18/21
78,Laptop Stand,A stand for laptops,None,LS001,10,500,700,03/19/21
79,Gaming Mouse,A mouse for gaming,None,GM001,8,800,1000,03/20/21
80,Graphics Card,A device for rendering graphics,None,GC001,5,15000,18000,03/21/21
81,Motherboard,A main circuit board,None,MB001,8,10000,12000,03/22/21
82,CPU,A central processing unit,None,CPU001,10,8000,10000,03/23/21
83,RAM,A type of computer memory,None,RAM001,15,6000,8000,03/24/21
84,Hard Drive,A data storage device,None,HD001,12,2000,2500,03/25/21
85,SSD,A type of data storage device,None,SSD001,10,3000,3500,03/26/21
86,Monitor,A display screen,None,MON001,5,10000,12000,03/27/21
87,Printer Paper,A type of paper,None,PP001,20,200,300,03/28/21
88,Pencil,A writing instrument,None,PCL001,25,10,20,03/29/21
89,Eraser,A tool for erasing,None,ER001,30,5,10,03/30/21
90,Highlighter,A marker for highlighting text,None,HL001,15,20,30,03/31/21
91,Scissors,A cutting tool,None,SC001,10,50,100,04/01/21
92,Staples,A type of fastener,None,STP001,8,5,10,04/02/21
93,File Organizer,A tool for organizing files,None,FO001,12,100,150,04/03/21
94,Desk Lamp,A lighting fixture,None,DLP002,10,400,600,04/04/21
95,Desk Chair,A chair for a desk,None,DC001,5,4000,5000,04/05/21
96,Coffee Table,A low table for coffee,None,CT001,8,5000,6000,04/06/21
97,Bookshelf,A shelf for books,None,BS001,10,2000,2500,04/07/21
98,TV Stand,A stand for a television,None,TVS001,12,1500,2000,04/08/21
99,Nightstand,A small table by a bed,None,NS001,5,2000,2500,04/09/21
100,Sofa Bed,A sofa that can be converted into a bed,None,SFB001,8,8000,10000,04/10/21
101,Area Rug,A rug for the floor,None,AR001,10,2500,3000,04/11/21
102,Throw Pillow,A decorative pillow,None,TP001,12,500,700,04/12/21
103,Wall Art,Artwork for walls,None,WA001,15,800,1000,04/13/21
104,Curtains,Window coverings,None,CRT002,20,700,900,04/14/21
105,Table Lamp,A lamp for tables,None,TL001,8,800,1000,04/15/21
106,Travel Adapter,A device for adapting plugs,None,TA003,10,300,500,04/16/21
107,Power Bank,A portable charger,None,PB002,15,800,1000,04/17/21
108,USB Flash Drive,A portable data storage device,None,UFD002,20,500,700,04/18/21
109,Wireless Mouse,A mouse without cables,None,WM002,15,700,900,04/19/21
110,Laptop Stand,A stand for laptops,None,LS002,10,600,800,04/20/21
111,Gaming Mouse,A mouse for gaming,None,GM002,8,900,1100,04/21/21
112,Graphics Card,A device for rendering graphics,None,GC002,5,18000,22000,04/22/21
113,Motherboard,A main circuit board,None,MB002,8,12000,15000,04/23/21
114,CPU,A central processing unit,None,CPU002,10,10000,12000,04/24/21
115,RAM,A type of computer memory,None,RAM002,15,8000,10000,04/25/21
116,Hard Drive,A data storage device,None,HD002,12,3000,3500,04/26/21
117,SSD,A type of data storage device,None,SSD002,10,4000,5000,04/27/21
118,Monitor,A display screen,None,MON002,5,15000,18000,04/28/21
119,Printer Paper,A type of paper,None,PP002,20,300,400,04/29/21
120,Pencil,A writing instrument,None,PCL002,25,15,25,04/30/21
121,Eraser,A tool for erasing,None,ER002,30,10,15,05/01/21
122,Highlighter,A marker for highlighting text,None,HL002,15,30,40,05/02/21
123,Scissors,A cutting tool,None,SC002,10,80,100,05/03/21
124,Staples,A type of fastener,None,STP002,8,10,15,05/04/21
125,File Organizer,A tool for organizing files,None,FO002,12,150,200,05/05/21
126,Desk Lamp,A lighting fixture,None,DLP003,10,500,700,05/06/21
127,Desk Chair,A chair for a desk,None,DC002,5,5000,6000,05/07/21
128,Coffee Table,A low table for coffee,None,CT002,8,6000,7000,05/08/21
129,Bookshelf,A shelf for books,None,BS002,10,2500,3000,05/09/21
130,TV Stand,A stand for a television,None,TVS002,12,2000,2500,05/10/21
131,Nightstand,A small table by a bed,None,NS002,5,2500,3000,05/11/21
132,Sofa Bed,A sofa that can be converted into a bed,None,SFB002,8,10000,12000,05/12/21
133,Area Rug,A rug for the floor,None,AR002,10,3000,3500,05/13/21
134,Throw Pillow,A decorative pillow,None,TP002,12,700,900,05/14/21
135,Wall Art,Artwork for walls,None,WA002,15,1000,1200,05/15/21
136,Curtains,Window coverings,None,CRT003,20,900,1100,05/16/21
137,Table Lamp,A lamp for tables,None,TL002,8,1000,1200,05/17/21
138,Travel Adapter,A device for adapting plugs,None,TA004,10,400,600,05/18/21
139,Power Bank,A portable charger,None,PB003,15,1000,1200,05/19/21
140,USB Flash Drive,A portable data storage device,None,UFD003,20,600,800,05/20/21
141,Wireless Mouse,A mouse without cables,None,WM003,15,800,1000,05/21/21
142,Laptop Stand,A stand for laptops,None,LS003,10,700,900,05/22/21
143,Gaming Mouse,A mouse for gaming,None,GM003,8,1000,1200,05/23/21
144,Graphics Card,A device for rendering graphics,None,GC003,5,22000,25000,05/24/21
145,Motherboard,A main circuit board,None,MB003,8,15000,18000,05/25/21
146,CPU,A central processing unit,None,CPU003,10,12000,15000,05/26/21
147,RAM,A type of computer memory,None,RAM003,15,10000,12000,05/27/21
148,Hard Drive,A data storage device,None,HD003,12,3500,4000,05/28/21
149,SSD,A type of data storage device,None,SSD003,10,5000,6000,05/29/21
150,Monitor,A display screen,None,MON003,5,18000,20000,05/30/21
151,Printer Paper,A type of paper,None,PP003,20,400,500,05/31/21
152,Pencil,A writing instrument,None,PCL003,25,20,30,06/01/21
153,Eraser,A tool for erasing,None,ER003,30,15,20,06/02/21
154,Highlighter,A marker for highlighting text,None,HL003,15,40,50,06/03/21
155,Scissors,A cutting tool,None,SC003,10,100,150,06/04/21
156,Staples,A type of fastener,None,STP003,8,15,20,06/05/21
157,File Organizer,A tool for organizing files,None,FO003,12,200,250,06/06/21
158,Desk Lamp,A lighting fixture,None,DLP004,10,700,900,06/07/21
159,Desk Chair,A chair for a desk,None,DC003,5,6000,7000,06/08/21
160,Coffee Table,A low table for coffee,None,CT003,8,7000,8000,06/09/21
161,Bookshelf,A shelf for books,None,BS003,10,3000,3500,06/10/21
162,TV Stand,A stand for a television,None,TVS003,12,2500,3000,06/11/21
163,Nightstand,A small table by a bed,None,NS003,5,3000,3500,06/12/21
164,Sofa Bed,A sofa that can be converted into a bed,None,SFB003,8,12000,15000,06/13/21
165,Area Rug,A rug for the floor,None,AR003,10,3500,4000,06/14/21
166,Throw Pillow,A decorative pillow,None,TP003,12,900,1100,06/15/21
167,Wall Art,Artwork for walls,None,WA003,15,1200,1500,06/16/21
168,Curtains,Window coverings,None,CRT004,20,1100,1300,06/17/21
169,Table Lamp,A lamp for tables,None,TL003,8,1200,1500,06/18/21
170,Travel Adapter,A device for adapting plugs,None,TA005,10,500,700,06/19/21
171,Power Bank,A portable charger,None,PB004,15,1200,1500,06/20/21
172,USB Flash Drive,A portable data storage device,None,UFD004,20,700,900,06/21/21
173,Wireless Mouse,A mouse without cables,None,WM004,15,1000,1200,06/22/21
174,Laptop Stand,A stand for laptops,None,LS004,10,900,1100,06/23/21
175,Gaming Mouse,A mouse for gaming,None,GM004,8,1200,1500,06/24/21
176,Graphics Card,A device for rendering graphics,None,GC004,5,25000,30000,06/25/21
177,Motherboard,A main circuit board,None,MB004,8,18000,22000,06/26/21
178,CPU,A central processing unit,None,CPU004,10,15000,18000,06/27/21
179,RAM,A type of computer memory,None,RAM004,15,12000,15000,06/28/21
180,Hard Drive,A data storage device,None,HD004,12,4000,5000,06/29/21
181,SSD,A type of data storage device,None,SSD004,10,6000,7000,06/30/21
182,Monitor,A display screen,None,MON004,5,20000,25000,07/01/21
183,Printer Paper,A type of paper,None,PP004,20,500,600,07/02/21
184,Pencil,A writing instrument,None,PCL004,25,25,35,07/03/21
185,Eraser,A tool for erasing,None,ER004,30,20,25,07/04/21
186,Highlighter,A marker for highlighting text,None,HL004,15,50,60,07/05/21
187,Scissors,A cutting tool,None,SC004,10,150,200,07/06/21
188,Staples,A type of fastener,None,STP004,8,20,25,07/07/21
189,File Organizer,A tool for organizing files,None,FO004,12,250,300,07/08/21
190,Desk Lamp,A lighting fixture,None,DLP005,10,800,1000,07/09/21
191,Desk Chair,A chair for a desk,None,DC004,5,7000,8000,07/10/21
192,Coffee Table,A low table for coffee,None,CT004,8,8000,9000,07/11/21
193,Bookshelf,A shelf for books,None,BS004,10,3500,4000,07/12/21
194,TV Stand,A stand for a television,None,TVS004,12,3000,3500,07/13/21
195,Nightstand,A small table by a bed,None,NS004,5,3500,4000,07/14/21
196,Sofa Bed,A sofa that can be converted into a bed,None,SFB004,8,15000,18000,07/15/21
197,Area Rug,A rug for the floor,None,AR004,10,4000,4500,07/16/21
198,Throw Pillow,A decorative pillow,None,TP004,12,1100,1400,07/17/21
199,Wall Art,Artwork for walls,None,WA004,15,1500,1800,07/18/21
200,Curtains,Window coverings,None,CRT005,20,1300,1600,07/19/21
201,Table Lamp,A lamp for tables,None,TL004,8,1500,1800,07/20/21
202,Travel Adapter,A device for adapting plugs,None,TA006,10,600,800,07/21/21
203,Power Bank,A portable charger,None,PB005,15,1500,1800,07/22/21
204,USB Flash Drive,A portable data storage device,None,UFD005,20,800,1000,07/23/21
205,Wireless Mouse,A mouse without cables,None,WM005,15,1200,1500,07/24/21
206,Laptop Stand,A stand for laptops,None,LS005,10,1100,1400,07/25/21
207,Gaming Mouse,A mouse for gaming,None,GM005,8,1500,1800,07/26/21
208,Graphics Card,A device for rendering graphics,None,GC005,5,30000,35000,07/27/21
209,Motherboard,A main circuit board,None,MB005,8,22000,25000,07/28/21
210,CPU,A central processing unit,None,CPU005,10,18000,20000,07/29/21
211,RAM,A type of computer memory,None,RAM005,15,15000,18000,07/30/21
212,Hard Drive,A data storage device,None,HD005,12,5000,6000,07/31/21
213,SSD,A type of data storage device,None,SSD005,10,7000,8000,08/01/21
214,Monitor,A display screen,None,MON005,5,25000,30000,08/02/21
215,Printer Paper,A type of paper,None,PP005,20,600,800,08/03/21
216,Pencil,A writing instrument,None,PCL005,25,30,40,08/04/21
217,Eraser,A tool for erasing,None,ER005,30,25,35,08/05/21
218,Highlighter,A marker for highlighting text,None,HL005,15,60,80,08/06/21
219,Scissors,A cutting tool,None,SC005,10,200,250,08/07/21
220,Staples,A type of fastener,None,STP005,8,25,35,08/08/21
221,File Organizer,A tool for organizing files,None,FO005,12,300,400,08/09/21
222,Desk Lamp,A lighting fixture,None,DLP006,10,900,1200,08/10/21
223,Desk Chair,A chair for a desk,None,DC005,5,8000,9000,08/11/21
224,Coffee Table,A low table for coffee,None,CT005,8,9000,10000,08/12/21
225,Bookshelf,A shelf for books,None,BS005,10,4000,4500,08/13/21
226,TV Stand,A stand for a television,None,TVS005,12,3500,4000,08/14/21
227,Nightstand,A small table by a bed,None,NS005,5,4000,4500,08/15/21
228,Sofa Bed,A sofa that can be converted into a bed,None,SFB005,8,18000,20000,08/16/21
229,Area Rug,A rug for the floor,None,AR005,10,4500,5000,08/17/21
230,Throw Pillow,A decorative pillow,None,TP005,12,1400,1600,08/18/21
231,Wall Art,Artwork for walls,None,WA005,15,1800,2000,08/19/21
232,Curtains,Window coverings,None,CRT006,20,1600,1800,08/20/21
233,Table Lamp,A lamp for tables,None,TL005,8,1800,2000,08/21/21
234,Travel Adapter,A device for adapting plugs,None,TA007,10,700,900,08/22/21
235,Power Bank,A portable charger,None,PB006,15,1800,2000,08/23/21
236,USB Flash Drive,A portable data storage device,None,UFD006,20,900,1100,08/24/21
237,Wireless Mouse,A mouse without cables,None,WM006,15,1500,1700,08/25/21
238,Laptop Stand,A stand for laptops,None,LS006,10,1400,1600,08/26/21
239,Gaming Mouse,A mouse for gaming,None,GM006,8,1800,2000,08/27/21
240,Graphics Card,A device for rendering graphics,None,GC006,5,35000,40000,08/28/21
241,Motherboard,A main circuit board,None,MB006,8,25000,30000,08/29/21
242,CPU,A central processing unit,None,CPU006,10,20000,25000,08/30/21
243,RAM,A type of computer memory,None,RAM006,15,18000,22000,08/31/21
244,Hard Drive,A data storage device,None,HD006,12,6000,7000,09/01/21
245,SSD,A type of data storage device,None,SSD006,10,8000,9000,09/02/21
246,Monitor,A display screen,None,MON006,5,30000,35000,09/03/21
247,Printer Paper,A type of paper,None,PP006,20,700,900,09/04/21
248,Pencil,A writing instrument,None,PCL006,25,35,45,09/05/21
249,Eraser,A tool for erasing,None,ER006,30,30,40,09/06/21
250,Highlighter,A marker for highlighting text,None,HL006,15,80,100,09/07/21
251,Scissors,A cutting tool,None,SC006,10,250,300,09/08/21
252,Staples,A type of fastener,None,STP006,8,35,45,09/09/21
253,File Organizer,A tool for organizing files,None,FO006,12,400,500,09/10/21
254,Desk Lamp,A lighting fixture,None,DLP007,10,1000,1200,09/11/21
255,Desk Chair,A chair for a desk,None,DC006,5,9000,10000,09/12/21
256,Coffee Table,A low table for coffee,None,CT006,8,10000,12000,09/13/21
257,Bookshelf,A shelf for books,None,BS006,10,4500,5000,09/14/21
258,TV Stand,A stand for a television,None,TVS006,12,4000,4500,09/15/21
259,Nightstand,A small table by a bed,None,NS006,5,4500,5000,09/16/21
260,Sofa Bed,A sofa that can be converted into a bed,None,SFB006,8,20000,25000,09/17/21
261,Area Rug,A rug for the floor,None,AR006,10,5000,6000,09/18/21
262,Throw Pillow,A decorative pillow,None,TP006,12,1600,1800,09/19/21
263,Wall Art,Artwork for walls,None,WA006,15,2000,2200,09/20/21
264,Curtains,Window coverings,None,CRT007,20,1800,2000,09/21/21
265,Table Lamp,A lamp for tables,None,TL006,8,2000,2200,09/22/21
266,Travel Adapter,A device for adapting plugs,None,TA008,10,800,1000,09/23/21
267,Power Bank,A portable charger,None,PB007,15,2000,2200,09/24/21
268,USB Flash Drive,A portable data storage device,None,UFD007,20,1100,1300,09/25/21
269,Wireless Mouse,A mouse without cables,None,WM007,15,1700,1900,09/26/21
270,Laptop Stand,A stand for laptops,None,LS007,10,1600,1800,09/27/21
271,Gaming Mouse,A mouse for gaming,None,GM007,8,2000,2200,09/28/21
272,Graphics Card,A device for rendering graphics,None,GC007,5,40000,45000,09/29/21
273,Motherboard,A main circuit board,None,MB007,8,30000,35000,09/30/21
274,CPU,A central processing unit,None,CPU007,10,25000,30000,10/01/21
275,RAM,A type of computer memory,None,RAM007,15,22000,25000,10/02/21
276,Hard Drive,A data storage device,None,HD007,12,7000,8000,10/03/21
277,SSD,A type of data storage device,None,SSD007,10,9000,10000,10/04/21
278,Monitor,A display screen,None,MON007,5,35000,40000,10/05/21
279,Printer Paper,A type of paper,None,PP007,20,800,1000,10/06/21
280,Pencil,A writing instrument,None,PCL007,25,40,50,10/07/21
281,Eraser,A tool for erasing,None,ER007,30,35,45,10/08/21
282,Highlighter,A marker for highlighting text,None,HL007,15,100,120,10/09/21
283,Scissors,A cutting tool,None,SC007,10,300,350,10/10/21
284,Staples,A type of fastener,None,STP007,8,45,55,10/11/21
285,File Organizer,A tool for organizing files,None,FO007,12,500,600,10/12/21
286,Desk Lamp,A lighting fixture,None,DLP008,10,1200,1400,10/13/21
287,Desk Chair,A chair for a desk,None,DC007,5,10000,12000,10/14/21
288,Coffee Table,A low table for coffee,None,CT007,8,12000,14000,10/15/21
289,Bookshelf,A shelf for books,None,BS007,10,5000,6000,10/16/21
290,TV Stand,A stand for a television,None,TVS007,12,4500,5500,10/17/21
291,Nightstand,A small table by a bed,None,NS007,5,5000,6000,10/18/21
292,Sofa Bed,A sofa that can be converted into a bed,None,SFB007,8,25000,30000,10/19/21
293,Area Rug,A rug for the floor,None,AR007,10,6000,7000,10/20/21
294,Throw Pillow,A decorative pillow,None,TP007,12,1800,2000,10/21/21
295,Wall Art,Artwork for walls,None,WA007,15,2200,2500,10/22/21
296,Curtains,Window coverings,None,CRT008,20,2000,2200,10/23/21
297,Table Lamp,A lamp for tables,None,TL007,8,2200,2500,10/24/21
298,Travel Adapter,A device for adapting plugs,None,TA009,10,900,1100,10/25/21
299,Power Bank,A portable charger,None,PB008,15,2200,2500,10/26/21
300,USB Flash Drive,A portable data storage device,None,UFD008,20,1300,1500,10/27/21
301,Wireless Mouse,A mouse without cables,None,WM008,15,1900,2100,10/28/21
302,Laptop Stand,A stand for laptops,None,LS008,10,1800,2000,10/29/21
303,Gaming Mouse,A mouse for gaming,None,GM008,8,2200,2500,10/30/21
304,Graphics Card,A device for rendering graphics,None,GC008,5,45000,50000,10/31/21
305,Motherboard,A main circuit board,None,MB008,8,35000,40000,11/01/21
306,CPU,A central processing unit,None,CPU008,10,30000,35000,11/02/21
307,RAM,A type of computer memory,None,RAM008,15,25000,30000,11/03/21
308,Hard Drive,A data storage device,None,HD008,12,8000,9000,11/04/21
309,SSD,A type of data storage device,None,SSD008,10,10000,12000,11/05/21
310,Monitor,A display screen,None,MON008,5,40000,45000,11/06/21
311,Printer Paper,A type of paper,None,PP008,20,1000,1200,11/07/21
312,Pencil,A writing instrument,None,PCL008,25,50,60,11/08/21
313,Eraser,A tool for erasing,None,ER008,30,45,55,11/09/21
314,Highlighter,A marker for highlighting text,None,HL008,15,120,140,11/10/21
315,Scissors,A cutting tool,None,SC008,10,350,400,11/11/21
316,Staples,A type of fastener,None,STP008,8,55,65,11/12/21
317,File Organizer,A tool for organizing files,None,FO008,12,600,700,11/13/21
318,Desk Lamp,A lighting fixture,None,DLP009,10,1400,1600,11/14/21
319,Desk Chair,A chair for a desk,None,DC008,5,12000,14000,11/15/21
320,Coffee Table,A low table for coffee,None,CT008,8,14000,16000,11/16/21
321,Bookshelf,A shelf for books,None,BS008,10,6000,7000,11/17/21
322,TV Stand,A stand for a television,None,TVS008,12,5500,6500,11/18/21
323,Nightstand,A small table by a bed,None,NS008,5,6000,7000,11/19/21
324,Sofa Bed,A sofa that can be converted into a bed,None,SFB008,8,30000,35000,11/20/21
325,Area Rug,A rug for the floor,None,AR008,10,7000,8000,11/21/21
326,Throw Pillow,A decorative pillow,None,TP008,12,2000,2200,11/22/21
327,Wall Art,Artwork for walls,None,WA008,15,2500,2800,11/23/21
328,Curtains,Window coverings,None,CRT009,20,2200,2500,11/24/21
329,Table Lamp,A lamp for tables,None,TL008,8,2500,2800,11/25/21
330,Travel Adapter,A device for adapting plugs,None,TA010,10,1000,1200,11/26/21
331,Power Bank,A portable charger,None,PB009,15,2500,2800,11/27/21
332,USB Flash Drive,A portable data storage device,None,UFD009,20,1500,1800,11/28/21
333,Wireless Mouse,A mouse without cables,None,WM009,15,2100,2400,11/29/21
334,Laptop Stand,A stand for laptops,None,LS009,10,2000,2300,11/30/21
335,Gaming Mouse,A mouse for gaming,None,GM009,8,2500,2800,12/01/21
336,Graphics Card,A device for rendering graphics,None,GC009,5,50000,55000,12/02/21
337,Motherboard,A main circuit board,None,MB009,8,40000,45000,12/03/21
338,CPU,A central processing unit,None,CPU009,10,35000,40000,12/04/21
339,RAM,A type of computer memory,None,RAM009,15,30000,35000,12/05/21
340,Hard Drive,A data storage device,None,HD009,12,9000,10000,12/06/21
341,SSD,A type of data storage device,None,SSD009,10,12000,14000,12/07/21
342,Monitor,A display screen,None,MON009,5,45000,50000,12/08/21
343,Printer Paper,A type of paper,None,PP009,20,1200,1500,12/09/21
344,Pencil,A writing instrument,None,PCL009,25,60,70,12/10/21
345,Eraser,A tool for erasing,None,ER009,30,55,65,12/11/21
346,Highlighter,A marker for highlighting text,None,HL009,15,140,160,12/12/21
347,Scissors,A cutting tool,None,SC009,10,400,450,12/13/21
348,Staples,A type of fastener,None,STP009,8,65,75,12/14/21
349,File Organizer,A tool for organizing files,None,FO009,12,700,800,12/15/21
350,Desk Lamp,A lighting fixture,None,DLP010,10,1600,1800,12/16/21
351,Desk Chair,A chair for a desk,None,DC009,5,14000,16000,12/17/21
352,Coffee Table,A low table for coffee,None,CT009,8,16000,18000,12/18/21
353,Bookshelf,A shelf for books,None,BS009,10,7000,8000,12/19/21
354,TV Stand,A stand for a television,None,TVS009,12,6500,7500,12/20/21
355,Nightstand,A small table by a bed,None,NS009,5,7000,8000,12/21/21
356,Sofa Bed,A sofa that can be converted into a bed,None,SFB009,8,35000,40000,12/22/21
357,Area Rug,A rug for the floor,None,AR009,10,8000,9000,12/23/21
358,Throw Pillow,A decorative pillow,None,TP009,12,2200,2500,12/24/21
359,Wall Art,Artwork for walls,None,WA009,15,2800,3200,12/25/21
360,Curtains,Window coverings,None,CRT010,20,2500,3000,12/26/21
361,Table Lamp,A lamp for tables,None,TL009,8,2800,3200,12/27/21
362,Travel Adapter,A device for adapting plugs,None,TA011,10,1200,1500,12/28/21
363,Power Bank,A portable charger,None,PB010,15,2800,3200,12/29/21
364,USB Flash Drive,A portable data storage device,None,UFD010,20,1800,2200,12/30/21
365,Wireless Mouse,A mouse without cables,None,WM010,15,2400,2800,12/31/21
366,Laptop Stand,A stand for laptops,None,LS010,10,2300,2700,01/01/22
367,Gaming Mouse,A mouse for gaming,None,GM010,8,2800,3200,01/02/22
368,Graphics Card,A device for rendering graphics,None,GC010,5,55000,60000,01/03/22
369,Motherboard,A main circuit board,None,MB010,8,45000,50000,01/04/22
370,CPU,A central processing unit,None,CPU010,10,40000,45000,01/05/22
371,RAM,A type of computer memory,None,RAM010,15,35000,40000,01/06/22
372,Hard Drive,A data storage device,None,HD010,12,10000,12000,01/07/22
373,SSD,A type of data storage device,None,SSD010,10,14000,16000,01/08/22
374,Monitor,A display screen,None,MON010,5,50000,55000,01/09/22
375,Printer Paper,A type of paper,None,PP010,20,1500,1800,01/10/22
376,Pencil,A writing instrument,None,PCL010,25,70,80,01/11/22
377,Eraser,A tool for erasing,None,ER010,30,65,75,01/12/22
378,Highlighter,A marker for highlighting text,None,HL010,15,160,180,01/13/22
379,Scissors,A cutting tool,None,SC010,10,450,500,01/14/22
380,Staples,A type of fastener,None,STP010,8,75,85,01/15/22
381,File Organizer,A tool for organizing files,None,FO010,12,800,900,01/16/22
382,Desk Lamp,A lighting fixture,None,DLP011,10,1800,2000,01/17/22
383,Desk Chair,A chair for a desk,None,DC010,5,16000,18000,01/18/22
384,Coffee Table,A low table for coffee,None,CT010,8,18000,20000,01/19/22
385,Bookshelf,A shelf for books,None,BS010,10,8000,9000,01/20/22
386,TV Stand,A stand for a television,None,TVS010,12,7500,8500,01/21/22
387,Nightstand,A small table by a bed,None,NS010,5,8000,9000,01/22/22
388,Sofa Bed,A sofa that can be converted into a bed,None,SFB010,8,40000,45000,01/23/22
389,Area Rug,A rug for the floor,None,AR010,10,9000,10000,01/24/22
390,Throw Pillow,A decorative pillow,None,TP010,12,2500,2800,01/25/22
391,Wall Art,Artwork for walls,None,WA010,15,3200,3500,01/26/22
392,Curtains,Window coverings,None,CRT011,20,3000,3500,01/27/22
393,Table Lamp,A lamp for tables,None,TL010,8,3200,3500,01/28/22
394,Travel Adapter,A device for adapting plugs,None,TA012,10,1500,1800,01/29/22
395,Power Bank,A portable charger,None,PB011,15,3200,3500,01/30/22
396,USB Flash Drive,A portable data storage device,None,UFD011,20,2200,2500,01/31/22
397,Wireless Mouse,A mouse without cables,None,WM011,15,2800,3200,02/01/22
398,Laptop Stand,A stand for laptops,None,LS011,10,2700,3000,02/02/22
399,Gaming Mouse,A mouse for gaming,None,GM011,8,3200,3500,02/03/22
400,Graphics Card,A device for rendering graphics,None,GC011,5,60000,65000,02/04/22
401,Motherboard,A main circuit board,None,MB011,8,50000,55000,02/05/22
402,CPU,A central processing unit,None,CPU011,10,45000,50000,02/06/22
403,RAM,A type of computer memory,None,RAM011,15,40000,45000,02/07/22
404,Hard Drive,A data storage device,None,HD011,12,12000,14000,02/08/22
405,SSD,A type of data storage device,None,SSD011,10,16000,18000,02/09/22
406,Monitor,A display screen,None,MON011,5,55000,60000,02/10/22
407,Printer Paper,A type of paper,None,PP011,20,1800,2000,02/11/22
408,Pencil,A writing instrument,None,PCL011,25,80,90,02/12/22
409,Eraser,A tool for erasing,None,ER011,30,75,85,02/13/22
410,Highlighter,A marker for highlighting text,None,HL011,15,180,200,02/14/22
411,Scissors,A cutting tool,None,SC011,10,500,550,02/15/22
412,Staples,A type of fastener,None,STP011,8,85,95,02/16/22
413,File Organizer,A tool for organizing files,None,FO011,12,900,1000,02/17/22
414,Desk Lamp,A lighting fixture,None,DLP012,10,2000,2200,02/18/22
415,Desk Chair,A chair for a desk,None,DC011,5,18000,20000,02/19/22
416,Coffee Table,A low table for coffee,None,CT011,8,20000,22000,02/20/22
417,Bookshelf,A shelf for books,None,BS011,10,9000,10000,02/21/22
418,TV Stand,A stand for a television,None,TVS011,12,8500,9500,02/22/22
419,Nightstand,A small table by a bed,None,NS011,5,9000,10000,02/23/22
420,Sofa Bed,A sofa that can be converted into a bed,None,SFB011,8,45000,50000,02/24/22
421,Area Rug,A rug for the floor,None,AR011,10,10000,11000,02/25/22
422,Throw Pillow,A decorative pillow,None,TP011,12,2800,3200,02/26/22
423,Wall Art,Artwork for walls,None,WA011,15,3500,4000,02/27/22
424,Curtains,Window coverings,None,CRT012,20,3500,4000,02/28/22
425,Table Lamp,A lamp for tables,None,TL011,8,3500,4000,03/01/22
426,Travel Adapter,A device for adapting plugs,None,TA013,10,1800,2000,03/02/22
427,Power Bank,A portable charger,None,PB012,15,3500,4000,03/03/22
428,USB Flash Drive,A portable data storage device,None,UFD012,20,2500,3000,03/04/22
429,Wireless Mouse,A mouse without cables,None,WM012,15,3200,3700,03/05/22
430,Laptop Stand,A stand for laptops,None,LS012,10,3000,3500,03/06/22
431,Gaming Mouse,A mouse for gaming,None,GM012,8,3500,4000,03/07/22
432,Graphics Card,A device for rendering graphics,None,GC012,5,65000,70000,03/08/22
433,Motherboard,A main circuit board,None,MB012,8,55000,60000,03/09/22
434,CPU,A central processing unit,None,CPU012,10,50000,55000,03/10/22
435,RAM,A type of computer memory,None,RAM012,15,45000,50000,03/11/22
436,Hard Drive,A data storage device,None,HD012,12,14000,16000,03/12/22
437,SSD,A type of data storage device,None,SSD012,10,18000,20000,03/13/22
438,Monitor,A display screen,None,MON012,5,60000,65000,03/14/22
439,Printer Paper,A type of paper,None,PP012,20,2000,2500,03/15/22
440,Pencil,A writing instrument,None,PCL012,25,90,100,03/16/22
441,Eraser,A tool for erasing,None,ER012,30,85,95,03/17/22
442,Highlighter,A marker for highlighting text,None,HL012,15,200,220,03/18/22
443,Scissors,A cutting tool,None,SC012,10,550,600,03/19/22
444,Staples,A type of fastener,None,STP012,8,95,105,03/20/22
445,File Organizer,A tool for organizing files,None,FO012,12,1000,1100,03/21/22
446,Desk Lamp,A lighting fixture,None,DLP013,10,2200,2500,03/22/22
447,Desk Chair,A chair for a desk,None,DC012,5,20000,25000,03/23/22
448,Coffee Table,A low table for coffee,None,CT012,8,22000,25000,03/24/22
449,Bookshelf,A shelf for books,None,BS012,10,10000,12000,03/25/22
450,TV Stand,A stand for a television,None,TVS012,12,9500,10000,03/26/22
451,Nightstand,A small table by a bed,None,NS012,5,10000,12000,03/27/22
452,Sofa Bed,A sofa that can be converted into a bed,None,SFB012,8,50000,60000,03/28/22
453,Area Rug,A rug for the floor,None,AR012,10,11000,12000,03/29/22
454,Throw Pillow,A decorative pillow,None,TP012,12,3200,3500,03/30/22
455,Wall Art,Artwork for walls,None,WA012,15,4000,4500,03/31/22
456,Curtains,Window coverings,None,CRT013,20,4000,4500,04/01/22
457,Table Lamp,A lamp for tables,None,TL012,8,4000,4500,04/02/22
458,Travel Adapter,A device for adapting plugs,None,TA014,10,2000,2500,04/03/22
459,Power Bank,A portable charger,None,PB013,15,4000,4500,04/04/22
460,USB Flash Drive,A portable data storage device,None,UFD013,20,3000,3500,04/05/22
461,Wireless Mouse,A mouse without cables,None,WM013,15,3700,4000,04/06/22
462,Laptop Stand,A stand for laptops,None,LS013,10,3500,4000,04/07/22
463,Gaming Mouse,A mouse for gaming,None,GM013,8,4000,4500,04/08/22
464,Graphics Card,A device for rendering graphics,None,GC013,5,70000,75000,04/09/22
465,Motherboard,A main circuit board,None,MB013,8,60000,65000,04/10/22
466,CPU,A central processing unit,None,CPU013,10,55000,60000,04/11/22
467,RAM,A type of computer memory,None,RAM013,15,50000,55000,04/12/22
468,Hard Drive,A data storage device,None,HD013,12,16000,18000,04/13/22
469,SSD,A type of data storage device,None,SSD013,10,20000,22000,04/14/22
470,Monitor,A display screen,None,MON013,5,65000,70000,04/15/22
471,Printer Paper,A type of paper,None,PP013,20,2500,3000,04/16/22
472,Pencil,A writing instrument,None,PCL013,25,100,110,04/17/22
473,Eraser,A tool for erasing,None,ER013,30,95,105,04/18/22
474,Highlighter,A marker for highlighting text,None,HL013,15,220,240,04/19/22
475,Scissors,A cutting tool,None,SC013,10,600,650,04/20/22
476,Staples,A type of fastener,None,STP013,8,105,115,04/21/22
477,File Organizer,A tool for organizing files,None,FO013,12,1100,1200,04/22/22
478,Desk Lamp,A lighting fixture,None,DLP014,10,2500,3000,04/23/22
479,Desk Chair,A chair for a desk,None,DC013,5,25000,30000,04/24/22
480,Coffee Table,A low table for coffee,None,CT013,8,25000,30000,04/25/22
481,Bookshelf,A shelf for books,None,BS013,10,12000,14000,04/26/22
482,TV Stand,A stand for a television,None,TVS013,12,10000,12000,04/27/22
483,Nightstand,A small table by a bed,None,NS013,5,12000,14000,04/28/22
484,Sofa Bed,A sofa that can be converted into a bed,None,SFB013,8,60000,70000,04/29/22
485,Area Rug,A rug for the floor,None,AR013,10,12000,14000,04/30/22
486,Throw Pillow,A decorative pillow,None,TP013,12,3500,4000,05/01/22
487,Wall Art,Artwork for walls,None,WA013,15,4500,5000,05/02/22
488,Curtains,Window coverings,None,CRT014,20,4500,5000,05/03/22
489,Table Lamp,A lamp for tables,None,TL013,8,4500,5000,05/04/22
490,Travel Adapter,A device for adapting plugs,None,TA015,10,2500,3000,05/05/22
491,Power Bank,A portable charger,None,PB014,15,4500,5000,05/06/22
492,USB Flash Drive,A portable data storage device,None,UFD014,20,3500,4000,05/07/22
493,Wireless Mouse,A mouse without cables,None,WM014,15,4000,4500,05/08/22
494,Laptop Stand,A stand for laptops,None,LS014,10,4000,4500,05/09/22
495,Gaming Mouse,A mouse for gaming,None,GM014,8,4500,5000,05/10/22
496,Graphics Card,A device for rendering graphics,None,GC014,5,75000,80000,05/11/22
497,Motherboard,A main circuit board,None,MB014,8,65000,70000,05/12/22
498,CPU,A central processing unit,None,CPU014,10,60000,65000,05/13/22
499,RAM,A type of computer memory,None,RAM014,15,55000,60000,05/14/22
500,Hard Drive,A data storage device,None,HD014,12,18000,20000,05/15/22
501,SSD,A type of data storage device,None,SSD014,10,22000,25000,05/16/22
502,Monitor,A display screen,None,MON014,5,70000,75000,05/17/22
503,Printer Paper,A type of paper,None,PP014,20,3000,3500,05/18/22
504,Pencil,A writing instrument,None,PCL014,25,110,120,05/19/22
505,Eraser,A tool for erasing,None,ER014,30,105,115,05/20/22
506,Highlighter,A marker for highlighting text,None,HL014,15,240,260,05/21/22
507,Scissors,A cutting tool,None,SC014,10,650,700,05/22/22
508,Staples,A type of fastener,None,STP014,8,115,125,05/23/22
509,File Organizer,A tool for organizing files,None,FO014,12,1200,1300,05/24/22
510,Desk Lamp,A lighting fixture,None,DLP015,10,3000,3500,05/25/22
511,Desk Chair,A chair for a desk,None,DC014,5,30000,35000,05/26/22
512,Coffee Table,A low table for coffee,None,CT014,8,30000,35000,05/27/22
513,Bookshelf,A shelf for books,None,BS014,10,14000,16000,05/28/22
514,TV Stand,A stand for a television,None,TVS014,12,12000,14000,05/29/22
515,Nightstand,A small table by a bed,None,NS014,5,14000,16000,05/30/22
516,Sofa Bed,A sofa that can be converted into a bed,None,SFB014,8,70000,80000,05/31/22
517,Area Rug,A rug for the floor,None,AR014,10,14000,16000,06/01/22
518,Throw Pillow,A decorative pillow,None,TP014,12,4000,4500,06/02/22
519,Wall Art,Artwork for walls,None,WA014,15,5000,5500,06/03/22
520,Curtains,Window coverings,None,CRT015,20,5000,5500,06/04/22
521,Table Lamp,A lamp for tables,None,TL014,8,5000,5500,06/05/22
522,Travel Adapter,A device for adapting plugs,None,TA016,10,3000,3500,06/06/22
523,Power Bank,A portable charger,None,PB015,15,5000,5500,06/07/22
524,USB Flash Drive,A portable data storage device,None,UFD015,20,4000,4500,06/08/22
525,Wireless Mouse,A mouse without cables,None,WM015,15,4500,5000,06/09/22
526,Laptop Stand,A stand for laptops,None,LS015,10,4500,5000,06/10/22
527,Gaming Mouse,A mouse for gaming,None,GM015,8,5000,5500,06/11/22
528,Graphics Card,A device for rendering graphics,None,GC015,5,80000,85000,06/12/22
529,Motherboard,A main circuit board,None,MB015,8,70000,75000,06/13/22
530,CPU,A central processing unit,None,CPU015,10,65000,70000,06/14/22
531,RAM,A type of computer memory,None,RAM015,15,60000,65000,06/15/22
532,Hard Drive,A data storage device,None,HD015,12,20000,22000,06/16/22
533,SSD,A type of data storage device,None,SSD015,10,25000,28000,06/17/22
534,Monitor,A display screen,None,MON015,5,75000,80000,06/18/22
535,Printer Paper,A type of paper,None,PP015,20,3500,4000,06/19/22
536,Pencil,A writing instrument,None,PCL015,25,120,130,06/20/22
537,Eraser,A tool for erasing,None,ER015,30,115,125,06/21/22
538,Highlighter,A marker for highlighting text,None,HL015,15,260,280,06/22/22
539,Scissors,A cutting tool,None,SC015,10,700,750,06/23/22
540,Staples,A type of fastener,None,STP015,8,125,135,06/24/22
541,File Organizer,A tool for organizing files,None,FO015,12,1300,1400,06/25/22
542,Desk Lamp,A lighting fixture,None,DLP016,10,3500,4000,06/26/22
543,Desk Chair,A chair for a desk,None,DC015,5,35000,40000,06/27/22
544,Coffee Table,A low table for coffee,None,CT015,8,35000,40000,06/28/22
545,Bookshelf,A shelf for books,None,BS015,10,16000,18000,06/29/22
546,TV Stand,A stand for a television,None,TVS015,12,14000,16000,06/30/22
547,Nightstand,A small table by a bed,None,NS015,5,16000,18000,07/01/22
548,Sofa Bed,A sofa that can be converted into a bed,None,SFB015,8,80000,90000,07/02/22
549,Area Rug,A rug for the floor,None,AR015,10,16000,18000,07/03/22
550,Throw Pillow,A decorative pillow,None,TP015,12,4500,5000,07/04/22
551,Wall Art,Artwork for walls,None,WA015,15,5500,6000,07/05/22
552,Curtains,Window coverings,None,CRT016,20,5500,6000,07/06/22
553,Table Lamp,A lamp for tables,None,TL015,8,5500,6000,07/07/22
554,Travel Adapter,A device for adapting plugs,None,TA017,10,3500,4000,07/08/22
555,Power Bank,A portable charger,None,PB016,15,5500,6000,07/09/22
556,USB Flash Drive,A portable data storage device,None,UFD016,20,4500,5000,07/10/22
557,Wireless Mouse,A mouse without cables,None,WM016,15,5000,5500,07/11/22
558,Laptop Stand,A stand for laptops,None,LS016,10,5000,5500,07/12/22
559,Gaming Mouse,A mouse for gaming,None,GM016,8,5500,6000,07/13/22
560,Graphics Card,A device for rendering graphics,None,GC016,5,85000,90000,07/14/22
561,Motherboard,A main circuit board,None,MB016,8,75000,80000,07/15/22
562,CPU,A central processing unit,None,CPU016,10,70000,75000,07/16/22
563,RAM,A type of computer memory,None,RAM016,15,65000,70000,07/17/22
564,Hard Drive,A data storage device,None,HD016,12,22000,25000,07/18/22
565,SSD,A type of data storage device,None,SSD016,10,28000,30000,07/19/22
566,Monitor,A display screen,None,MON016,5,80000,85000,07/20/22
567,Printer Paper,A type of paper,None,PP016,20,4000,4500,07/21/22
568,Pencil,A writing instrument,None,PCL016,25,130,140,07/22/22
569,Eraser,A tool for erasing,None,ER016,30,125,135,07/23/22
570,Highlighter,A marker for highlighting text,None,HL016,15,280,300,07/24/22
571,Scissors,A cutting tool,None,SC016,10,750,800,07/25/22
572,Staples,A type of fastener,None,STP016,8,135,145,07/26/22
573,File Organizer,A tool for organizing files,None,FO016,12,1400,1500,07/27/22
574,Desk Lamp,A lighting fixture,None,DLP017,10,4000,4500,07/28/22
575,Desk Chair,A chair for a desk,None,DC016,5,40000,45000,07/29/22
576,Coffee Table,A low table for coffee,None,CT016,8,40000,45000,07/30/22
577,Bookshelf,A shelf for books,None,BS016,10,18000,20000,07/31/22
578,TV Stand,A stand for a television,None,TVS016,12,16000,18000,08/01/22
579,Nightstand,A small table by a bed,None,NS016,5,18000,20000,08/02/22
580,Sofa Bed,A sofa that can be converted into a bed,None,SFB016,8,90000,100000,08/03/22
581,Area Rug,A rug for the floor,None,AR016,10,18000,20000,08/04/22
582,Throw Pillow,A decorative pillow,None,TP016,12,5000,5500,08/05/22
583,Wall Art,Artwork for walls,None,WA016,15,6000,6500,08/06/22
584,Curtains,Window coverings,None,CRT017,20,6000,6500,08/07/22
585,Table Lamp,A lamp for tables,None,TL016,8,6000,6500,08/08/22
586,Travel Adapter,A device for adapting plugs,None,TA018,10,4000,4500,08/09/22
587,Power Bank,A portable charger,None,PB017,15,6000,6500,08/10/22
588,USB Flash Drive,A portable data storage device,None,UFD017,20,5000,5500,08/11/22
589,Wireless Mouse,A mouse without cables,None,WM017,15,5500,6000,08/12/22
590,Laptop Stand,A stand for laptops,None,LS017,10,5500,6000,08/13/22
591,Gaming Mouse,A mouse for gaming,None,GM017,8,6000,6500,08/14/22
592,Graphics Card,A device for rendering graphics,None,GC017,5,90000,95000,08/15/22
593,Motherboard,A main circuit board,None,MB017,8,80000,85000,08/16/22
594,CPU,A central processing unit,None,CPU017,10,75000,80000,08/17/22
595,RAM,A type of computer memory,None,RAM017,15,70000,75000,08/18/22
596,Hard Drive,A data storage device,None,HD017,12,25000,28000,08/19/22
597,SSD,A type of data storage device,None,SSD017,10,30000,32000,08/20/22
598,Monitor,A display screen,None,MON017,5,85000,90000,08/21/22
599,Printer Paper,A type of paper,None,PP017,20,4500,5000,08/22/22
600,Pencil,A writing instrument,None,PCL017,25,140,150,08/23/22
601,Eraser,A tool for erasing,None,ER017,30,135,145,08/24/22
602,Highlighter,A marker for highlighting text,None,HL017,15,300,320,08/25/22
603,Scissors,A cutting tool,None,SC017,10,800,850,08/26/22
604,Staples,A type of fastener,None,STP017,8,145,155,08/27/22
605,File Organizer,A tool for organizing files,None,FO017,12,1500,1600,08/28/22
606,Desk Lamp,A lighting fixture,None,DLP018,10,4500,5000,08/29/22
607,Desk Chair,A chair for a desk,None,DC017,5,45000,50000,08/30/22
608,Coffee Table,A low table for coffee,None,CT017,8,45000,50000,08/31/22
609,Bookshelf,A shelf for books,None,BS017,10,20000,22000,09/01/22
610,TV Stand,A stand for a television,None,TVS017,12,18000,20000,09/02/22
611,Nightstand,A small table by a bed,None,NS017,5,20000,22000,09/03/22
612,Sofa Bed,A sofa that can be converted into a bed,None,SFB017,8,100000,110000,09/04/22
613,Area Rug,A rug for the floor,None,AR017,10,20000,22000,09/05/22
614,Throw Pillow,A decorative pillow,None,TP017,12,5500,6000,09/06/22
615,Wall Art,Artwork for walls,None,WA017,15,6500,7000,09/07/22
616,Curtains,Window coverings,None,CRT018,20,6500,7000,09/08/22
617,Table Lamp,A lamp for tables,None,TL017,8,6500,7000,09/09/22
618,Travel Adapter,A device for adapting plugs,None,TA019,10,4500,5000,09/10/22
619,Power Bank,A portable charger,None,PB018,15,6500,7000,09/11/22
620,USB Flash Drive,A portable data storage device,None,UFD018,20,5500,6000,09/12/22
621,Wireless Mouse,A mouse without cables,None,WM018,15,6000,6500,09/13/22
622,Laptop Stand,A stand for laptops,None,LS018,10,6000,6500,09/14/22
623,Gaming Mouse,A mouse for gaming,None,GM018,8,6500,7000,09/15/22
624,Graphics Card,A device for rendering graphics,None,GC018,5,95000,100000,09/16/22
625,Motherboard,A main circuit board,None,MB018,8,85000,90000,09/17/22
626,CPU,A central processing unit,None,CPU018,10,80000,85000,09/18/22
627,RAM,A type of computer memory,None,RAM018,15,75000,80000,09/19/22
628,Hard Drive,A data storage device,None,HD018,12,28000,30000,09/20/22
629,SSD,A type of data storage device,None,SSD018,10,32000,35000,09/21/22
630,Monitor,A display screen,None,MON018,5,90000,95000,09/22/22
631,Printer Paper,A type of paper,None,PP018,20,5000,5500,09/23/22
632,Pencil,A writing instrument,None,PCL018,25,150,160,09/24/22
633,Eraser,A tool for erasing,None,ER018,30,145,155,09/25/22
634,Highlighter,A marker for highlighting text,None,HL018,15,320,340,09/26/22
635,Scissors,A cutting tool,None,SC018,10,850,900,09/27/22
636,Staples,A type of fastener,None,STP018,8,155,165,09/28/22
637,File Organizer,A tool for organizing files,None,FO018,12,1600,1700,09/29/22
638,Desk Lamp,A lighting fixture,None,DLP019,10,5000,5500,09/30/22
639,Desk Chair,A chair for a desk,None,DC018,5,50000,55000,10/01/22
640,Coffee Table,A low table for coffee,None,CT018,8,50000,55000,10/02/22
641,Bookshelf,A shelf for books,None,BS018,10,22000,24000,10/03/22
642,TV Stand,A stand for a television,None,TVS018,12,20000,22000,10/04/22
643,Nightstand,A small table by a bed,None,NS018,5,22000,24000,10/05/22
644,Sofa Bed,A sofa that can be converted into a bed,None,SFB018,8,110000,120000,10/06/22
645,Area Rug,A rug for the floor,None,AR018,10,22000,24000,10/07/22
646,Throw Pillow,A decorative pillow,None,TP018,12,6000,6500,10/08/22
647,Wall Art,Artwork for walls,None,WA018,15,7000,7500,10/09/22
648,Curtains,Window coverings,None,CRT019,20,7000,7500,10/10/22
649,Table Lamp,A lamp for tables,None,TL018,8,7000,7500,10/11/22
650,Travel Adapter,A device for adapting plugs,None,TA020,10,5000,5500,10/12/22
651,Power Bank,A portable charger,None,PB019,15,7000,7500,10/13/22
652,USB Flash Drive,A portable data storage device,None,UFD019,20,6000,6500,10/14/22
653,Wireless Mouse,A mouse without cables,None,WM019,15,6500,7000,10/15/22
654,Laptop Stand,A stand for laptops,None,LS019,10,6500,7000,10/16/22
655,Gaming Mouse,A mouse for gaming,None,GM019,8,7000,7500,10/17/22
656,Graphics Card,A device for rendering graphics,None,GC019,5,100000,105000,10/18/22
657,Motherboard,A main circuit board,None,MB019,8,90000,95000,10/19/22
658,CPU,A central processing unit,None,CPU019,10,85000,90000,10/20/22
659,RAM,A type of computer memory,None,RAM019,15,80000,85000,10/21/22
660,Hard Drive,A data storage device,None,HD019,12,30000,32000,10/22/22
661,SSD,A type of data storage device,None,SSD019,10,35000,38000,10/23/22
662,Monitor,A display screen,None,MON019,5,95000,100000,10/24/22
663,Printer Paper,A type of paper,None,PP019,20,5500,6000,10/25/22
664,Pencil,A writing instrument,None,PCL019,25,160,170,10/26/22
665,Eraser,A tool for erasing,None,ER019,30,155,165,10/27/22
666,Highlighter,A marker for highlighting text,None,HL019,15,340,360,10/28/22
667,Scissors,A cutting tool,None,SC019,10,900,950,10/29/22
668,Staples,A type of fastener,None,STP019,8,165,175,10/30/22
669,File Organizer,A tool for organizing files,None,FO019,12,1700,1800,10/31/22
670,Desk Lamp,A lighting fixture,None,DLP020,10,5500,6000,11/01/22
671,Desk Chair,A chair for a desk,None,DC019,5,55000,60000,11/02/22
672,Coffee Table,A low table for coffee,None,CT019,8,55000,60000,11/03/22
673,Bookshelf,A shelf for books,None,BS019,10,24000,26000,11/04/22
674,TV Stand,A stand for a television,None,TVS019,12,22000,24000,11/05/22
675,Nightstand,A small table by a bed,None,NS019,5,24000,26000,11/06/22
676,Sofa Bed,A sofa that can be converted into a bed,None,SFB019,8,120000,130000,11/07/22
677,Area Rug,A rug for the floor,None,AR019,10,24000,26000,11/08/22
678,Throw Pillow,A decorative pillow,None,TP019,12,6500,7000,11/09/22
679,Wall Art,Artwork for walls,None,WA019,15,7500,8000,11/10/22
680,Curtains,Window coverings,None,CRT020,20,7500,8000,11/11/22
681,Table Lamp,A lamp for tables,None,TL019,8,7500,8000,11/12/22
682,Travel Adapter,A device for adapting plugs,None,TA021,10,5500,6000,11/13/22
683,Power Bank,A portable charger,None,PB020,15,7500,8000,11/14/22
684,USB Flash Drive,A portable data storage device,None,UFD020,20,6500,7000,11/15/22
685,Wireless Mouse,A mouse without cables,None,WM020,15,7000,7500,11/16/22
686,Laptop Stand,A stand for laptops,None,LS020,10,7000,7500,11/17/22
687,Gaming Mouse,A mouse for gaming,None,GM020,8,7500,8000,11/18/22
688,Graphics Card,A device for rendering graphics,None,GC020,5,105000,110000,11/19/22
689,Motherboard,A main circuit board,None,MB020,8,95000,100000,11/20/22
690,CPU,A central processing unit,None,CPU020,10,90000,95000,11/21/22
691,RAM,A type of computer memory,None,RAM020,15,85000,90000,11/22/22
692,Hard Drive,A data storage device,None,HD020,12,32000,35000,11/23/22
693,SSD,A type of data storage device,None,SSD020,10,38000,40000,11/24/22
694,Monitor,A display screen,None,MON020,5,100000,105000,11/25/22
695,Printer Paper,A type of paper,None,PP020,20,6000,6500,11/26/22
696,Pencil,A writing instrument,None,PCL020,25,170,180,11/27/22
697,Eraser,A tool for erasing,None,ER020,30,165,175,11/28/22
698,Highlighter,A marker for highlighting text,None,HL020,15,360,380,11/29/22
699,Scissors,A cutting tool,None,SC020,10,950,1000,11/30/22
700,Staples,A type of fastener,None,STP020,8,175,185,12/01/22
701,File Organizer,A tool for organizing files,None,FO020,12,1800,1900,12/02/22
702,Desk Lamp,A lighting fixture,None,DLP021,10,6000,6500,12/03/22
703,Desk Chair,A chair for a desk,None,DC020,5,60000,65000,12/04/22
704,Coffee Table,A low table for coffee,None,CT020,8,60000,65000,12/05/22
705,Bookshelf,A shelf for books,None,BS020,10,26000,28000,12/06/22
706,TV Stand,A stand for a television,None,TVS020,12,24000,26000,12/07/22
707,Nightstand,A small table by a bed,None,NS020,5,26000,28000,12/08/22
708,Sofa Bed,A sofa that can be converted into a bed,None,SFB020,8,130000,140000,12/09/22
709,Area Rug,A rug for the floor,None,AR020,10,26000,28000,12/10/22
710,Throw Pillow,A decorative pillow,None,TP020,12,7000,7500,12/11/22
711,Wall Art,Artwork for walls,None,WA020,15,8000,8500,12/12/22
712,Curtains,Window coverings,None,CRT021,20,8000,8500,12/13/22
713,Table Lamp,A lamp for tables,None,TL020,8,8000,8500,12/14/22
714,Travel Adapter,A device for adapting plugs,None,TA022,10,6000,6500,12/15/22
715,Power Bank,A portable charger,None,PB021,15,8000,8500,12/16/22
716,USB Flash Drive,A portable data storage device,None,UFD021,20,7000,7500,12/17/22
717,Wireless Mouse,A mouse without cables,None,WM021,15,7500,8000,12/18/22
718,Laptop Stand,A stand for laptops,None,LS021,10,7500,8000,12/19/22
719,Gaming Mouse,A mouse for gaming,None,GM021,8,8000,8500,12/20/22
720,Graphics Card,A device for rendering graphics,None,GC021,5,110000,115000,12/21/22
721,Motherboard,A main circuit board,None,MB021,8,100000,105000,12/22/22
722,CPU,A central processing unit,None,CPU021,10,95000,100000,12/23/22
723,RAM,A type of computer memory,None,RAM021,15,90000,95000,12/24/22
724,Hard Drive,A data storage device,None,HD021,12,35000,38000,12/25/22
725,SSD,A type of data storage device,None,SSD021,10,40000,42000,12/26/22
726,Monitor,A display screen,None,MON021,5,105000,110000,12/27/22
727,Printer Paper,A type of paper,None,PP021,20,6500,7000,12/28/22
728,Pencil,A writing instrument,None,PCL021,25,180,190,12/29/22
729,Eraser,A tool for erasing,None,ER021,30,175,185,12/30/22
730,Highlighter,A marker for highlighting text,None,HL021,15,380,400,12/31/22
731,Scissors,A cutting tool,None,SC021,10,1000,1050,01/01/23
732,Staples,A type of fastener,None,STP021,8,185,195,01/02/23
733,File Organizer,A tool for organizing files,None,FO021,12,1900,2000,01/03/23
734,Desk Lamp,A lighting fixture,None,DLP022,10,6500,7000,01/04/23
735,Desk Chair,A chair for a desk,None,DC021,5,65000,70000,01/05/23
736,Coffee Table,A low table for coffee,None,CT021,8,65000,70000,01/06/23
737,Bookshelf,A shelf for books,None,BS021,10,28000,30000,01/07/23
738,TV Stand,A stand for a television,None,TVS021,12,26000,28000,01/08/23
739,Nightstand,A small table by a bed,None,NS021,5,28000,30000,01/09/23
740,Sofa Bed,A sofa that can be converted into a bed,None,SFB021,8,140000,150000,01/10/23
741,Area Rug,A rug for the floor,None,AR021,10,28000,30000,01/11/23
742,Throw Pillow,A decorative pillow,None,TP021,12,7500,8000,01/12/23
743,Wall Art,Artwork for walls,None,WA021,15,8500,9000,01/13/23
744,Curtains,Window coverings,None,CRT022,20,8500,9000,01/14/23
745,Table Lamp,A lamp for tables,None,TL021,8,8500,9000,01/15/23
746,Travel Adapter,A device for adapting plugs,None,TA023,10,6500,7000,01/16/23
747,Power Bank,A portable charger,None,PB022,15,8500,9000,01/17/23
748,USB Flash Drive,A portable data storage device,None,UFD022,20,7500,8000,01/18/23
749,Wireless Mouse,A mouse without cables,None,WM022,15,8000,8500,01/19/23
750,Laptop Stand,A stand for laptops,None,LS022,10,8000,8500,01/20/23
751,Gaming Mouse,A mouse for gaming,None,GM022,8,8500,9000,01/21/23
752,Graphics Card,A device for rendering graphics,None,GC022,5,115000,120000,01/22/23
753,Motherboard,A main circuit board,None,MB022,8,105000,110000,01/23/23
754,CPU,A central processing unit,None,CPU022,10,100000,105000,01/24/23
755,RAM,A type of computer memory,None,RAM022,15,95000,100000,01/25/23
756,Hard Drive,A data storage device,None,HD022,12,38000,40000,01/26/23
757,SSD,A type of data storage device,None,SSD022,10,42000,45000,01/27/23
758,Monitor,A display screen,None,MON022,5,110000,115000,01/28/23
759,Printer Paper,A type of paper,None,PP022,20,7000,7500,01/29/23
760,Pencil,A writing instrument,None,PCL022,25,190,200,01/30/23
761,Eraser,A tool for erasing,None,ER022,30,185,195,01/31/23
762,Highlighter,A marker for highlighting text,None,HL022,15,400,420,02/01/23
763,Scissors,A cutting tool,None,SC022,10,1050,1100,02/02/23
764,Staples,A type of fastener,None,STP022,8,195,205,02/03/23
765,File Organizer,A tool for organizing files,None,FO022,12,2000,2100,02/04/23
766,Desk Lamp,A lighting fixture,None,DLP023,10,7000,7500,02/05/23
767,Desk Chair,A chair for a desk,None,DC022,5,70000,75000,02/06/23
768,Coffee Table,A low table for coffee,None,CT022,8,70000,75000,02/07/23
769,Bookshelf,A shelf for books,None,BS022,10,30000,32000,02/08/23
770,TV Stand,A stand for a television,None,TVS022,12,28000,30000,02/09/23
771,Nightstand,A small table by a bed,None,NS022,5,30000,32000,02/10/23
772,Sofa Bed,A sofa that can be converted into a bed,None,SFB022,8,150000,160000,02/11/23
773,Area Rug,A rug for the floor,None,AR022,10,30000,32000,02/12/23
774,Throw Pillow,A decorative pillow,None,TP022,12,8000,8500,02/13/23
775,Wall Art,Artwork for walls,None,WA022,15,9000,9500,02/14/23
776,Curtains,Window coverings,None,CRT023,20,9000,9500,02/15/23
777,Table Lamp,A lamp for tables,None,TL022,8,9000,9500,02/16/23
778,Travel Adapter,A device for adapting plugs,None,TA024,10,7000,7500,02/17/23
779,Power Bank,A portable charger,None,PB023,15,9000,9500,02/18/23
780,USB Flash Drive,A portable data storage device,None,UFD023,20,8000,8500,02/19/23
781,Wireless Mouse,A mouse without cables,None,WM023,15,8500,9000,02/20/23
782,Laptop Stand,A stand for laptops,None,LS023,10,8500,9000,02/21/23
783,Gaming Mouse,A mouse for gaming,None,GM023,8,9000,9500,02/22/23
784,Graphics Card,A device for rendering graphics,None,GC023,5,120000,125000,02/23/23
785,Motherboard,A main circuit board,None,MB023,8,110000,115000,02/24/23
786,CPU,A central processing unit,None,CPU023,10,105000,110000,02/25/23
787,RAM,A type of computer memory,None,RAM023,15,100000,105000,02/26/23
788,Hard Drive,A data storage device,None,HD023,12,40000,42000,02/27/23
789,SSD,A type of data storage device,None,SSD023,10,45000,48000,02/28/23
790,Monitor,A display screen,None,MON023,5,115000,120000,03/01/23
791,Printer Paper,A type of paper,None,PP023,20,7500,8000,03/02/23
792,Pencil,A writing instrument,None,PCL023,25,200,210,03/03/23
793,Eraser,A tool for erasing,None,ER023,30,195,205,03/04/23
794,Highlighter,A marker for highlighting text,None,HL023,15,420,440,03/05/23
795,Scissors,A cutting tool,None,SC023,10,1100,1150,03/06/23
796,Staples,A type of fastener,None,STP023,8,205,215,03/07/23
797,File Organizer,A tool for organizing files,None,FO023,12,2100,2200,03/08/23
798,Desk Lamp,A lighting fixture,None,DLP024,10,7500,8000,03/09/23
799,Desk Chair,A chair for a desk,None,DC023,5,75000,80000,03/10/23
800,Coffee Table,A low table for coffee,None,CT023,8,75000,80000,03/11/23
801,Bookshelf,A shelf for books,None,BS023,10,32000,34000,03/12/23
802,TV Stand,A stand for a television,None,TVS023,12,30000,32000,03/13/23
803,Nightstand,A small table by a bed,None,NS023,5,32000,34000,03/14/23
804,Sofa Bed,A sofa that can be converted into a bed,None,SFB023,8,160000,170000,03/15/23
805,Area Rug,A rug for the floor,None,AR023,10,32000,34000,03/16/23
806,Throw Pillow,A decorative pillow,None,TP023,12,8500,9000,03/17/23
807,Wall Art,Artwork for walls,None,WA023,15,9500,10000,03/18/23
808,Curtains,Window coverings,None,CRT024,20,9500,10000,03/19/23
809,Table Lamp,A lamp for tables,None,TL023,8,9500,10000,03/20/23
810,Travel Adapter,A device for adapting plugs,None,TA025,10,7500,8000,03/21/23
811,Power Bank,A portable charger,None,PB024,15,9500,10000,03/22/23
812,USB Flash Drive,A portable data storage device,None,UFD024,20,8500,9000,03/23/23
813,Wireless Mouse,A mouse without cables,None,WM024,15,9000,9500,03/24/23
814,Laptop Stand,A stand for laptops,None,LS024,10,9000,9500,03/25/23
815,Gaming Mouse,A mouse for gaming,None,GM024,8,9500,10000,03/26/23
816,Graphics Card,A device for rendering graphics,None,GC024,5,125000,130000,03/27/23
817,Motherboard,A main circuit board,None,MB024,8,115000,120000,03/28/23
818,CPU,A central processing unit,None,CPU024,10,110000,115000,03/29/23
819,RAM,A type of computer memory,None,RAM024,15,105000,110000,03/30/23
820,Hard Drive,A data storage device,None,HD024,12,42000,45000,03/31/23
821,SSD,A type of data storage device,None,SSD024,10,48000,50000,04/01/23
822,Monitor,A display screen,None,MON024,5,120000,125000,04/02/23
823,Printer Paper,A type of paper,None,PP024,20,8000,8500,04/03/23
824,Pencil,A writing instrument,None,PCL024,25,210,220,04/04/23
825,Eraser,A tool for erasing,None,ER024,30,205,215,04/05/23
826,Highlighter,A marker for highlighting text,None,HL024,15,440,460,04/06/23
827,Scissors,A cutting tool,None,SC024,10,1150,1200,04/07/23
828,Staples,A type of fastener,None,STP024,8,215,225,04/08/23
829,File Organizer,A tool for organizing files,None,FO024,12,2200,2300,04/09/23
830,Desk Lamp,A lighting fixture,None,DLP025,10,8000,8500,04/10/23
831,Desk Chair,A chair for a desk,None,DC024,5,80000,85000,04/11/23
832,Coffee Table,A low table for coffee,None,CT024,8,80000,85000,04/12/23
833,Bookshelf,A shelf for books,None,BS024,10,34000,36000,04/13/23
834,TV Stand,A stand for a television,None,TVS024,12,32000,34000,04/14/23
835,Nightstand,A small table by a bed,None,NS024,5,34000,36000,04/15/23
836,Sofa Bed,A sofa that can be converted into a bed,None,SFB024,8,170000,180000,04/16/23
837,Area Rug,A rug for the floor,None,AR024,10,34000,36000,04/17/23
838,Throw Pillow,A decorative pillow,None,TP024,12,9000,9500,04/18/23
839,Wall Art,Artwork for walls,None,WA024,15,10000,10500,04/19/23
840,Curtains,Window coverings,None,CRT025,20,10000,10500,04/20/23
841,Table Lamp,A lamp for tables,None,TL024,8,10000,10500,04/21/23
842,Travel Adapter,A device for adapting plugs,None,TA026,10,8000,8500,04/22/23
843,Power Bank,A portable charger,None,PB025,15,10000,10500,04/23/23
844,USB Flash Drive,A portable data storage device,None,UFD025,20,9000,9500,04/24/23
845,Wireless Mouse,A mouse without cables,None,WM025,15,9500,10000,04/25/23
846,Laptop Stand,A stand for laptops,None,LS025,10,9500,10000,04/26/23
847,Gaming Mouse,A mouse for gaming,None,GM025,8,10000,10500,04/27/23
848,Graphics Card,A device for rendering graphics,None,GC025,5,130000,135000,04/28/23
849,Motherboard,A main circuit board,None,MB025,8,120000,125000,04/29/23
850,CPU,A central processing unit,None,CPU025,10,115000,120000,04/30/23
851,RAM,A type of computer memory,None,RAM025,15,110000,115000,05/01/23
852,Hard Drive,A data storage device,None,HD025,12,45000,48000,05/02/23
853,SSD,A type of data storage device,None,SSD025,10,50000,52000,05/03/23
854,Monitor,A display screen,None,MON025,5,125000,130000,05/04/23
855,Printer Paper,A type of paper,None,PP025,20,8500,9000,05/05/23
856,Pencil,A writing instrument,None,PCL025,25,220,230,05/06/23
857,Eraser,A tool for erasing,None,ER025,30,215,225,05/07/23
858,Highlighter,A marker for highlighting text,None,HL025,15,460,480,05/08/23
859,Scissors,A cutting tool,None,SC025,10,1200,1250,05/09/23
860,Staples,A type of fastener,None,STP025,8,225,235,05/10/23
861,File Organizer,A tool for organizing files,None,FO025,12,2300,2400,05/11/23
862,Desk Lamp,A lighting fixture,None,DLP026,10,8500,9000,05/12/23
863,Desk Chair,A chair for a desk,None,DC025,5,85000,90000,05/13/23
864,Coffee Table,A low table for coffee,None,CT025,8,85000,90000,05/14/23
865,Bookshelf,A shelf for books,None,BS025,10,36000,38000,05/15/23
866,TV Stand,A stand for a television,None,TVS025,12,34000,36000,05/16/23
867,Nightstand,A small table by a bed,None,NS025,5,36000,38000,05/17/23
868,Sofa Bed,A sofa that can be converted into a bed,None,SFB025,8,180000,190000,05/18/23
869,Area Rug,A rug for the floor,None,AR025,10,36000,38000,05/19/23
870,Throw Pillow,A decorative pillow,None,TP025,12,9500,10000,05/20/23
871,Wall Art,Artwork for walls,None,WA025,15,10500,11000,05/21/23
872,Curtains,Window coverings,None,CRT026,20,10500,11000,05/22/23
873,Table Lamp,A lamp for tables,None,TL025,8,10500,11000,05/23/23
874,Travel Adapter,A device for adapting plugs,None,TA027,10,8500,9000,05/24/23
875,Power Bank,A portable charger,None,PB026,15,10500,11000,05/25/23
876,USB Flash Drive,A portable data storage device,None,UFD026,20,9500,10000,05/26/23
877,Wireless Mouse,A mouse without cables,None,WM026,15,10000,10500,05/27/23
878,Laptop Stand,A stand for laptops,None,LS026,10,10000,10500,05/28/23
879,Gaming Mouse,A mouse for gaming,None,GM026,8,10500,11000,05/29/23
880,Graphics Card,A device for rendering graphics,None,GC026,5,135000,140000,05/30/23
881,Motherboard,A main circuit board,None,MB026,8,125000,130000,05/31/23
882,CPU,A central processing unit,None,CPU026,10,120000,125000,06/01/23
883,RAM,A type of computer memory,None,RAM026,15,115000,120000,06/02/23
884,Hard Drive,A data storage device,None,HD026,12,48000,50000,06/03/23
885,SSD,A type of data storage device,None,SSD026,10,52000,55000,06/04/23
886,Monitor,A display screen,None,MON026,5,130000,135000,06/05/23
887,Printer Paper,A type of paper,None,PP026,20,9000,9500,06/06/23
888,Pencil,A writing instrument,None,PCL026,25,230,240,06/07/23
889,Eraser,A tool for erasing,None,ER026,30,225,235,06/08/23
890,Highlighter,A marker for highlighting text,None,HL026,15,480,500,06/09/23
891,Scissors,A cutting tool,None,SC026,10,1250,1300,06/10/23
892,Staples,A type of fastener,None,STP026,8,235,245,06/11/23
893,File Organizer,A tool for organizing files,None,FO026,12,2400,2500,06/12/23
894,Desk Lamp,A lighting fixture,None,DLP027,10,9000,9500,06/13/23
895,Desk Chair,A chair for a desk,None,DC026,5,90000,95000,06/14/23
896,Coffee Table,A low table for coffee,None,CT026,8,90000,95000,06/15/23
897,Bookshelf,A shelf for books,None,BS026,10,38000,40000,06/16/23
898,TV Stand,A stand for a television,None,TVS026,12,36000,38000,06/17/23
899,Nightstand,A small table by a bed,None,NS026,5,38000,40000,06/18/23
900,Sofa Bed,A sofa that can be converted into a bed,None,SFB026,8,190000,200000,06/19/23
901,Area Rug,A rug for the floor,None,AR026,10,38000,40000,06/20/23
902,Throw Pillow,A decorative pillow,None,TP026,12,10000,10500,06/21/23
903,Wall Art,Artwork for walls,None,WA026,15,11000,11500,06/22/23
904,Curtains,Window coverings,None,CRT027,20,11000,11500,06/23/23
905,Table Lamp,A lamp for tables,None,TL026,8,11000,11500,06/24/23
906,Travel Adapter,A device for adapting plugs,None,TA028,10,9000,9500,06/25/23
907,Power Bank,A portable charger,None,PB027,15,11000,11500,06/26/23
908,USB Flash Drive,A portable data storage device,None,UFD027,20,10000,10500,06/27/23
909,Wireless Mouse,A mouse without cables,None,WM027,15,10500,11000,06/28/23
910,Laptop Stand,A stand for laptops,None,LS027,10,10500,11000,06/29/23
911,Gaming Mouse,A mouse for gaming,None,GM027,8,11000,11500,06/30/23
912,Graphics Card,A device for rendering graphics,None,GC027,5,140000,145000,07/01/23
913,Motherboard,A main circuit board,None,MB027,8,130000,135000,07/02/23
914,CPU,A central processing unit,None,CPU027,10,125000,130000,07/03/23
915,RAM,A type of computer memory,None,RAM027,15,120000,125000,07/04/23
916,Hard Drive,A data storage device,None,HD027,12,50000,52000,07/05/23
917,SSD,A type of data storage device,None,SSD027,10,55000,58000,07/06/23
918,Monitor,A display screen,None,MON027,5,135000,140000,07/07/23
919,Printer Paper,A type of paper,None,PP027,20,9500,10000,07/08/23
920,Pencil,A writing instrument,None,PCL027,25,240,250,07/09/23
921,Eraser,A tool for erasing,None,ER027,30,235,245,07/10/23
922,Highlighter,A marker for highlighting text,None,HL027,15,500,520,07/11/23
923,Scissors,A cutting tool,None,SC027,10,1300,1350,07/12/23
924,Staples,A type of fastener,None,STP027,8,245,255,07/13/23
925,File Organizer,A tool for organizing files,None,FO027,12,2500,2600,07/14/23
926,Desk Lamp,A lighting fixture,None,DLP028,10,9500,10000,07/15/23
927,Desk Chair,A chair for a desk,None,DC027,5,95000,100000,07/16/23
928,Coffee Table,A low table for coffee,None,CT027,8,95000,100000,07/17/23
929,Bookshelf,A shelf for books,None,BS027,10,40000,42000,07/18/23
930,TV Stand,A stand for a television,None,TVS027,12,38000,40000,07/19/23
931,Nightstand,A small table by a bed,None,NS027,5,40000,42000,07/20/23
932,Sofa Bed,A sofa that can be converted into a bed,None,SFB027,8,200000,210000,07/21/23
933,Area Rug,A rug for the floor,None,AR027,10,40000,42000,07/22/23
934,Throw Pillow,A decorative pillow,None,TP027,12,10500,11000,07/23/23
935,Wall Art,Artwork for walls,None,WA027,15,11500,12000,07/24/23
936,Curtains,Window coverings,None,CRT028,20,11500,12000,07/25/23
937,Table Lamp,A lamp for tables,None,TL027,8,11500,12000,07/26/23
938,Travel Adapter,A device for adapting plugs,None,TA029,10,9500,10000,07/27/23
939,Power Bank,A portable charger,None,PB028,15,11500,12000,07/28/23
940,USB Flash Drive,A portable data storage device,None,UFD028,20,10500,11000,07/29/23
941,Wireless Mouse,A mouse without cables,None,WM028,15,11000,11500,07/30/23
942,Laptop Stand,A stand for laptops,None,LS028,10,11000,11500,07/31/23
943,Gaming Mouse,A mouse for gaming,None,GM028,8,11500,12000,08/01/23
944,Graphics Card,A device for rendering graphics,None,GC028,5,145000,150000,08/02/23
945,Motherboard,A main circuit board,None,MB028,8,135000,140000,08/03/23
946,CPU,A central processing unit,None,CPU028,10,130000,135000,08/04/23
947,RAM,A type of computer memory,None,RAM028,15,125000,130000,08/05/23
948,Hard Drive,A data storage device,None,HD028,12,52000,55000,08/06/23
949,SSD,A type of data storage device,None,SSD028,10,58000,61000,08/07/23
950,Monitor,A display screen,None,MON028,5,140000,145000,08/08/23
951,Printer Paper,A type of paper,None,PP028,20,10000,10500,08/09/23
952,Pencil,A writing instrument,None,PCL028,25,250,260,08/10/23
953,Eraser,A tool for erasing,None,ER028,30,245,255,08/11/23
954,Highlighter,A marker for highlighting text,None,HL028,15,520,540,08/12/23
955,Scissors,A cutting tool,None,SC028,10,1350,1400,08/13/23
956,Staples,A type of fastener,None,STP028,8,255,265,08/14/23
957,File Organizer,A tool for organizing files,None,FO028,12,2600,2700,08/15/23
958,Desk Lamp,A lighting fixture,None,DLP029,10,10000,10500,08/16/23
959,Desk Chair,A chair for a desk,None,DC028,5,100000,105000,08/17/23
960,Coffee Table,A low table for coffee,None,CT028,8,100000,105000,08/18/23
961,Bookshelf,A shelf for books,None,BS028,10,42000,44000,08/19/23
962,TV Stand,A stand for a television,None,TVS028,12,40000,42000,08/20/23
963,Nightstand,A small table by a bed,None,NS028,5,42000,44000,08/21/23
964,Sofa Bed,A sofa that can be converted into a bed,None,SFB028,8,210000,220000,08/22/23
965,Area Rug,A rug for the floor,None,AR028,10,42000,44000,08/23/23
966,Throw Pillow,A decorative pillow,None,TP028,12,11000,11500,08/24/23
967,Wall Art,Artwork for walls,None,WA028,15,12000,12500,08/25/23
968,Curtains,Window coverings,None,CRT029,20,12000,12500,08/26/23
969,Table Lamp,A lamp for tables,None,TL028,8,12000,12500,08/27/23
970,Travel Adapter,A device for adapting plugs,None,TA030,10,10000,10500,08/28/23
971,Power Bank,A portable charger,None,PB029,15,12000,12500,08/29/23
972,USB Flash Drive,A portable data storage device,None,UFD029,20,11000,11500,08/30/23
973,Wireless Mouse,A mouse without cables,None,WM029,15,11500,12000,08/31/23
974,Laptop Stand,A stand for laptops,None,LS029,10,11500,12000,09/01/23
975,Gaming Mouse,A mouse for gaming,None,GM029,8,12000,12500,09/02/23
976,Graphics Card,A device for rendering graphics,None,GC029,5,150000,155000,09/03/23
977,Motherboard,A main circuit board,None,MB029,8,140000,145000,09/04/23
978,CPU,A central processing unit,None,CPU029,10,135000,140000,09/05/23
979,RAM,A type of computer memory,None,RAM029,15,130000,135000,09/06/23
980,Hard Drive,A data storage device,None,HD029,12,55000,58000,09/07/23
981,SSD,A type of data storage device,None,SSD029,10,61000,64000,09/08/23
982,Monitor,A display screen,None,MON029,5,145000,150000,09/09/23
983,Printer Paper,A type of paper,None,PP029,20,10500,11000,09/10/23
984,Pencil,A writing instrument,None,PCL029,25,260,270,09/11/23
985,Eraser,A tool for erasing,None,ER029,30,255,265,09/12/23
986,Highlighter,A marker for highlighting text,None,HL029,15,540,560,09/13/23
987,Scissors,A cutting tool,None,SC029,10,1400,1450,09/14/23
988,Staples,A type of fastener,None,STP029,8,265,275,09/15/23
989,File Organizer,A tool for organizing files,None,FO029,12,2700,2800,09/16/23
990,Desk Lamp,A lighting fixture,None,DLP030,10,10500,11000,09/17/23
991,Desk Chair,A chair for a desk,None,DC029,5,105000,110000,09/18/23
992,Coffee Table,A low table for coffee,None,CT029,8,105000,110000,09/19/23
993,Bookshelf,A shelf for books,None,BS029,10,44000,46000,09/20/23
994,TV Stand,A stand for a television,None,TVS029,12,42000,44000,09/21/23
995,Nightstand,A small table by a bed,None,NS029,5,44000,46000,09/22/23
996,Sofa Bed,A sofa that can be converted into a bed,None,SFB029,8,220000,230000,09/23/23
997,Area Rug,A rug for the floor,None,AR029,10,44000,46000,09/24/23
998,Throw Pillow,A decorative pillow,None,TP029,12,11500,12000,09/25/23
999,Wall Art,Artwork for walls,None,WA029,15,12500,13000,09/26/23
1000,Curtains,Window coverings,None,CRT030,20,12500,13000,09/27/23
